行数,数据元,标准数据元,错误结果
1,采矿权人身份证号,采矿权人公民身份号码,采矿权人姓名
34,签发时间,发证日期,填发时间
38,设计年限,采矿年限,从事勘察设计专业起始年份
40,申请人身份证号,申请人公民身份号码,申请人姓名
41,所在行政区,行政区划名称,所在区县
44,投资额,采矿投资额,投资额单位
54,有效期起,有效起始日期,有效期开始日期
55,有效期限,采矿权有效期限,驾驶证有效期限
56,有效期止,有效到期日期,延期有效期开始时间
65,使用费交纳情况,采矿使用费交纳情况,补偿费交纳情况
69,采矿权人身份证号,采矿权人公民身份号码,采矿权人姓名
85,签发时间,发证日期,填发时间
87,受让人电话,受让人联系电话,受让人传真号码
100,有效期起,有效起始日期,有效期开始日期
101,有效期限,采矿权有效期限,驾驶证有效期限
102,有效期止,有效到期日期,延期有效期开始时间
107,申请人身份证号,申请人公民身份号码,申请人姓名
114,登记机构,不动产登记机构,登记机构
116,权利人姓名,不动产权利人姓名,权利人身份证件号码
122,状态,不动产状态,从业状态
126,登记机构,不动产登记机构,登记机构
127,抵押登记日期,不动产抵押登记日期,抵押登记日期
128,抵押方式,不动产抵押方式,抵押方式
134,抵押权人身份证号,抵押权人公民身份号码,借款人证件号码
138,状态,不动产状态,从业状态
144,登簿时间,不动产登簿时间,登簿时间
145,登记机构,不动产登记机构,登记机构
146,共有情况,不动产共有情况,共有情况
147,面积,不动产面积,面积单位
150,权利类型,不动产权利类型,权利人类型
152,权利人姓名,不动产权利人姓名,权利人身份证件号码
156,缮证时间,不动产缮证时间,有效期开始时间
157,用途,海域用途,房屋用途
160,证书状态,海域使用权证书状态,证书状态_资格证证书状态
162,地区名称,所在地区,地址所属国家名称
164,个人姓名,不动产权利人姓名,单位名称或个人姓名
165,个人联系方式,联系电话,个人地址
166,签发日期,证件签发日期,签发日期
167,企业法人名称,法定代表人姓名,企业名称
170,个人身份证号码,公民身份号码,居民身份证号码或公司注册号
174,乡镇,乡镇名称,所属乡镇街道
182,有效期结束日期,有效期截止日期,许可证有效期结束日期
184,养殖证所属地,所属地区,发证地
190,地址,矿产地址,地址
199,身份证号码,公民身份号码,护照号码
202,行政区划,行政区划名称,所属行政区划
203,有效期止,有效到期日期,延期有效期开始时间
204,有效期起,有效起始日期,有效期开始日期
205,状态,许可证状态,从业状态
214,身份证号码,公民身份号码,护照号码
216,行政区划,行政区划名称,所属行政区划
217,有效期止,有效到期日期,延期有效期开始时间
218,有效期起,有效起始日期,有效期开始日期
219,状态,许可证状态,从业状态
223,房屋坐落,不动产坐落,租赁房屋坐落
230,房屋买受人证件号码,房屋买受人身份证件号码,房屋买受人姓名
233,所在区县市,所在市县区,户籍地省市县区
237,首付款,不动产首付款,购房首付款
238,托管状态（0托管1非托管2托管取消）,不动产托管状态,所有权注销或变更时间
239,买受人类型（1自然人、2机构）,买受人类型,企业名称或个人姓名
241,所在行政区域,行政区划名称,所在区县
243,预销售证编号,房产预售证号,二手车销售登记证号
245,买受人身份证,买受人公民身份号码,房屋买受人身份证件号码
248,面积,不动产面积,面积单位
249,总价,房产交易总价,房屋总价
250,户坐落,不动产坐落,出租房屋坐落
251,户号,房屋户号,户号
252,联系手机,联系电话,联系人电话
254,出卖人（公司名称）,出卖人名称,企业名称或个人姓名
255,备案号,房产交易备案号,备案号
257,状态,合同状态,从业状态
260,签订完成时间,不动产交易签订完成时间,备案完成时间
262,房屋坐落,不动产坐落,租赁房屋坐落
265,合同购房金额（交易价格）(万元),合同购房金额,单位月缴存比例
268,开发企业统一编号,开发企业统一社会信用代码,开发企业名称
270,房屋买受人证件号码,房屋买受人身份证件号码,房屋买受人姓名
275,登记机构,不动产登记机构,登记机构
287,登记机构,不动产登记机构,登记机构
292,权利人证件号,权利人身份证件号码,权利人公民身份号码
295,序号,权利人序号,搜案编号
298,登簿时间,不动产登簿时间,登簿时间
299,登记机构,不动产登记机构,登记机构
300,共有情况,不动产共有情况,共有情况
303,权利类型,不动产权利类型,权利人类型
311,缮证时间,不动产缮证时间,有效期开始时间
312,房屋坐落,不动产坐落,租赁房屋坐落
316,套内建筑面积,不动产套内建筑面积,套内建筑面积
317,所在建筑物总层数,不动产总层数,所在建筑物总层数
318,状态,不动产状态,从业状态
319,所有权注销（变更）时间,所有权注销变更时间,所有权注销或变更时间
334,身份证明号码,身份证件号码,护照号码
335,身份证明名称,身份证件类型,许可证名称
342,状态,动产状态,从业状态
344,号牌号码,车牌号码,驾驶证号码
347,注册登记时间,机动车注册登记日期,登记时间
359,身份证号,公民身份号码,户主证件号码
364,生产企业名称,生产企业,企业名称
367,状态,动产状态,从业状态
370,挂车架号码,车辆识别代码,发动机号码
373,状态,动产状态,从业状态
375,有效截止日期,有效期截止日期,有效截止日期
381,机主姓名,拖拉机和联合收割机机主姓名,用户姓名
383,证件号码,身份证件号码,户主证件号码
385,状态,动产状态,从业状态
388,出生地省市县（区）,出生地省市县区,所在市县区
390,出生证明编号,出生医学证明编号,人事档案编号
393,服务处所,工作单位,居家养老服务人员数
397,籍贯省市县（区）,籍贯省市区县,配偶户籍地省市县代码
400,所属街路巷名称,所属街路巷,地址所属国家名称
404,居住地省市县（区）,居住地省市区县,所在市县区
407,门楼详址,户籍门楼详址,现住门楼详址
409,所属派出所名称,所属派出所,地址所属街道名称
415,文化程度,学历,死者文化程度
421,注销标识,户籍注销标识,许可注销标识
422,注销日期,户籍注销日期,注销日期_居住证注销日期
425,相片URL,个人照片,相片路径
427,公民身份证号,公民身份号码,监护人公民身份号码
433,户类型,户籍类型,贷款类型
435,公民身份证号,公民身份号码,监护人公民身份号码
438,何省市县（区）来本址,何省市县区来本址,户籍地址区划内详细地址
441,何地迁来本市省市县（区）,何地迁来本市省市县区,何地迁来本市国家地区
443,户籍地省市县（区）,户籍地省市区县,配偶户籍地省市县代码
444,户籍地详细地址,户籍地址区划内详细地址,居住地详细地址
454,前往国家（地区）,户口迁往国家地区,原侨居国家地区
455,迁往地省市县（区）,迁往地省市县区,何地迁来本市国家地区
460,户籍门(楼)详址,户籍门楼详址,原许可证号
462,籍贯,籍贯,籍贯详址
475,现住门(楼)详址,现住门楼详址,在华是否有住所
478,派出所,所属派出所,户籍地派出所
479,县（市、区）,所在市县区,市
486,户口省县,户口所在省市县区,配偶户籍地省市县
493,证件状态,居住证状态,证件状态
494,注销日期,居住证注销日期,注销日期_居住证注销日期
503,委托人身份证号,委托人公民身份号码,委托人姓名
507,截止日期,有效截止日期,有效期截止日期
510,身份证号,公民身份号码,户主证件号码
511,单位标识,所属单位,居住证内部编号
514,事由,申请事由,处罚事由
515,发送时间,申请时间,更新时间
518,签发时间,发证日期,填发时间
519,起始日期,有效期开始日期,有效起始日期
520,状态标识,边防通行证状态,印章状态
527,证件号码,身份证件号码,户主证件号码
532,证件签发日期,出入境证件签发日期,证件签发日期
533,证件有效期,出入境证件有效期,证件有效期
545,状态,证件状态,从业状态
548,电话,联系电话,联系人电话
556,籍贯,籍贯,籍贯详址
559,文化程度,学历,死者文化程度
562,原侨居国（地）,原侨居国家地区,原侨居国
573,户籍,户籍地,户口详址
577,序号,三侨子女序号,搜案编号
590,出租人证件类型,出租人身份证件号码,承租人身份证件类型
591,状态,备案状态,从业状态
593,合同约定的租赁期限,租赁期限,合同约定的租赁期限
594,备案号,房产交易备案号,备案号
595,判决结果,司法案件判决结果,诉讼结果
601,女方身份证号码,女方公民身份号码,男方公民身份号码
602,生效时间,司法案件判决生效时间,延期有效期结束时间
603,案号代码,案号,街路巷代码
606,女方身份证号码,女方公民身份号码,男方公民身份号码
615,登记机关名称,登记机关,登记机关代码
616,登记类型,结离婚登记类型,登记类别
617,业务类型,婚姻业务类型,不动产业务类型
619,登记号,结离婚登记号,税务登记号
620,结（离）婚证备注,结离婚证备注,职业病危害因素接触史（从业时间年）
622,公民身份证号,公民身份号码,监护人公民身份号码
629,监护人一姓名,第一监护人姓名,第二监护人姓名
630,监护人一公民身份号码,第一监护人公民身份号码,第二监护人公民身份号码
631,监护人一监护关系,第一监护人监护关系,第二监护人监护关系
632,监护人一联系电话,第一监护人联系电话,第二监护人联系电话
644,户口所在地,户籍地,配偶户籍所在地
646,籍贯,籍贯,籍贯详址
651,年级名称,年级,班级名称
657,身份证件号,公民身份号码,银行卡号
664,学校所属行政区划,所属行政区划,学校所属行政区划
668,身份证号码,公民身份号码,护照号码
687,户口所在地,户籍地,配偶户籍所在地
689,籍贯,籍贯,籍贯详址
692,年级名称,年级,班级名称
696,身份证件号,公民身份号码,银行卡号
703,学校所属行政区划,所属行政区划,学校所属行政区划
705,层次,学历,学历层次
707,当年所在级,年级,所属地
709,身份证号,公民身份号码,户主证件号码
716,照片,个人照片,相片路径
721,报道证号,报到证号码,报道地址
729,身份证号,公民身份号码,户主证件号码
731,证照状态,毕业证状态,证照状态
739,是否毕（结）业,是否毕结业,职业病危害因素接触史（从业时间年）
740,毕（结）业日期,毕结业日期,职业病危害因素接触史（从业时间年）
741,层次,学历,学历层次
742,证照状态,毕业证状态,证照状态
745,身份证号,公民身份号码,户主证件号码
752,校（院）长姓名,校院长姓名,职业病危害因素接触史（从业时间年）
754,照片,个人照片,相片路径
755,证书编号,毕业证书编号,从业证书编号
756,专业,专业名称,所学专业
759,证照状态,学位证状态,证照状态
761,国别,国籍,国籍地区
775,证件号码,身份证件号码,户主证件号码
777,照片,个人照片,相片路径
780,证书分类,学位证书分类,资格证证书类型
790,岗位资格证书,资格证书编号,现聘岗位年限
793,单位类别,所属单位类别,工作类别
794,身份证号码,公民身份号码,护照号码
796,教师资格证书号码,资格证证书编号,导游证资格证号
801,科目名称,考试科目,考试合格科目名称
804,身份证号,公民身份号码,户主证件号码
813,工作部门,工作单位,直属机构
814,户籍地详址,户籍地址详址,户籍地
826,颁证单位,发证机构,发证单位
827,颁证单位组织机构代码,发证机构组织机构代码,建设单位组织机构代码
831,持证者主体名称,外国人就业证持证者主体名称,持证者主体代码
836,类别,外国人工作许可证类别,专业类别
837,申请在中国工作职务,聘任职务,入伍或参加工作日期
840,许可证有效起始日期,许可证有效期开始日期,有效起始日期
841,许可证有效终止日期,许可证有效期结束日期,证照有效开始日期
842,用人单位名称,用人单位,申请企业名称
844,证件号码,身份证件号码,户主证件号码
845,状态,许可证状态,从业状态
851,身份证号,公民身份号码,户主证件号码
866,发证机构名称,发证机构,公证机构名称
867,发证单位,发证机关,发证单位
869,工作单位名称,工作单位,工作单位地址
874,当前状态,就业状态,从业状态
877,登记类型,就业登记类型,登记类别
881,身份证号,公民身份号码,户主证件号码
883,核发时间,证件核发日期,发证时间
884,缴费年限起始时间,社保缴费开始时间,缴费时间
892,身份证号码,公民身份号码,护照号码
904,制发日期,发证日期,发放日期
910,有效期（起始）,证书有效期开始日期,有效起始日期
911,有效期（截止）,有效期截止日期,资格证有效截止日期
913,状态,证件状态,从业状态
915,发证单位,发证机关,发证单位
917,身份证号码,公民身份号码,护照号码
920,证件号码,身份证件号码,户主证件号码
922,个人联系电话（或手机）,联系电话,企业名称或个人姓名
932,身份证号,公民身份号码,户主证件号码
934,居民身份证号码,公民身份号码,护照号码
944,法定代表人证件号,法定代表人身份证件号码,处罚单位法定代表人公民身份号码
951,证件号,身份证件号码,居住证号
953,当事人姓名,案件当事人,当事人姓名
954,序号,司法案件序号,搜案编号
961,判决结果,司法案件判决结果,诉讼结果
964,名称,姓名,购方名称
965,身份证号码,公民身份号码,护照号码
966,生效时间,司法案件判决生效时间,延期有效期结束时间
967,案号代码,案号,街路巷代码
968,序号,司法案件序号,搜案编号
972,身份证号,公民身份号码,户主证件号码
973,生效时间,司法案件判决生效时间,延期有效期结束时间
975,案号代码,案号,街路巷代码
976,序号,司法案件序号,搜案编号
981,身份证号,公民身份号码,户主证件号码
984,户籍地省市县（区）,户籍地省市区县,配偶户籍地省市县代码
985,户籍地详细地址,户籍地址区划内详细地址,居住地详细地址
989,籍贯省市县（区）,籍贯省市区县,配偶户籍地省市县代码
991,监护人一监护关系,第一监护人监护关系,第二监护人监护关系
992,监护人一公民身份号码,第一监护人公民身份号码,第二监护人公民身份号码
993,监护人一联系电话,第一监护人联系电话,第二监护人联系电话
994,监护人一姓名,第一监护人姓名,第二监护人姓名
999,所属街路巷名称,所属街路巷,地址所属国家名称
1001,居住地省市县（区）,居住地省市区县,所在市县区
1005,门楼详址,户籍门楼详址,现住门楼详址
1014,户籍门(楼)详址,户籍门楼详址,原许可证号
1016,籍贯,籍贯,籍贯详址
1023,证件号码,身份证件号码,户主证件号码
1024,现住门(楼)详址,现住门楼详址,在华是否有住所
1034,现住门(楼)详址,现住门楼详址,在华是否有住所
1037,身份证号,公民身份号码,户主证件号码
1040,身份证号,公民身份号码,户主证件号码
1043,身份证号,公民身份号码,户主证件号码
1048,申请身份证,申请人公民身份号码,申请登记日期
1051,手机号码,联系电话,护照号码
1052,户籍地址,户籍地址,户籍地址详址
1054,开户人身份证,开户人公民身份号码,开户人姓名
1055,户籍地址,户籍地址,户籍地址详址
1058,申请人身份证,申请人公民身份号码,申请人姓名
1060,手机号码,联系电话,护照号码
1062,开户人身份证,开户人公民身份号码,开户人姓名
1064,申请身份证,申请人公民身份号码,申请登记日期
1067,手机号码,联系电话,护照号码
1068,户籍地址,户籍地址,户籍地址详址
1070,开户人身份证,开户人公民身份号码,开户人姓名
1072,身份证,公民身份号码,护照号码
1074,身份证,公民身份号码,护照号码
1079,户主身份证,户主公民身份号码,户主证件号码
1080,身份证,公民身份号码,护照号码
1083,公民身份证号码,公民身份号码,户主公民身份号码
1086,父亲公民身份证号码,父亲公民身份号码,户主公民身份号码
1090,申请身份证,申请人公民身份号码,申请登记日期
1093,手机号码,联系电话,护照号码
1096,身份证,公民身份号码,护照号码
1099,申请身份证,申请人公民身份号码,申请登记日期
1102,手机号码,联系电话,护照号码
1103,户籍地址,户籍地址,户籍地址详址
1105,开户人身份证,开户人公民身份号码,开户人姓名
1109,身份证号,公民身份号码,户主证件号码
1110,身份证号码,公民身份号码,护照号码
1111,户籍所在地,户籍地,配偶户籍所在地
1116,身份证号,公民身份号码,户主证件号码
1117,个人身份证号,公民身份号码,个人公积金账号
1119,电话号码,联系电话,联系人电话
1121,身份证号(驾驶证号),驾驶证号码,原许可证号
1124,电话,联系电话,联系人电话
1125,机主姓名,拖拉机和联合收割机机主姓名,用户姓名
1126,证件号码,身份证件号码,户主证件号码
1135,船主身份证号,船主公民身份号码,船主姓名
1138,证件号码,身份证件号码,户主证件号码
1142,证件号码,身份证件号码,户主证件号码
1143,身份证号码,公民身份号码,护照号码
1144,手机号码,联系电话,护照号码
1149,证件号,身份证件号码,居住证号
1151,手机,联系电话,上网IP地址
1153,座机,联系电话,联系人电话
1154,户号,用户号,户号
1163,证件号码,身份证件号码,户主证件号码
1167,当事人地址,当事人通讯地址,当事人名称
1169,当事人姓名,案件当事人,当事人姓名
1171,身份证号,公民身份号码,户主证件号码
1173,身份证,公民身份号码,护照号码
1178,当事人姓名,案件当事人,当事人姓名
1180,身份证号,公民身份号码,户主证件号码
1185,内地地址,港澳人员内地住址,港澳地址
1187,居所地址,居住地址,住所地址
1190,身份证号,公民身份号码,户主证件号码
1191,户籍所在地,户籍地,配偶户籍所在地
1193,地址,律师事务所地址,地址
1194,电话,联系电话,联系人电话
1195,居所地址,居住地址,住所地址
1197,户籍所在地,户籍地,配偶户籍所在地
1198,身份证号,公民身份号码,户主证件号码
1199,手机号码,联系电话,护照号码
1202,户籍详址,户籍地址区划内详细地址,户口详址
1203,现住地址,居住地址,现居地址
1205,证件号码,身份证件号码,户主证件号码
1206,电话,联系电话,联系人电话
1208,qq号,QQ号码,银行卡号
1211,身份证,公民身份号码,护照号码
1212,电话,联系电话,联系人电话
1213,身份证号,公民身份号码,户主证件号码
1217,身份证,公民身份号码,护照号码
1219,身份证号,公民身份号码,户主证件号码
1220,单位地址,工作单位地址,联系地址
1222,电话,联系电话,联系人电话
1224,身份证号码,公民身份号码,护照号码
1225,手机号码,联系电话,护照号码
1227,电话,联系电话,联系人电话
1240,第一监护人身份证号,第一监护人公民身份号码,第一监护人姓名
1244,第二监护人身份证号,第二监护人公民身份号码,第二监护人姓名
1246,单位/学校名称,单位名称,所属单位或学校联系电话
1249,户籍地址,户籍地址,户籍地址详址
1250,住宅电话,联系电话,办公电话
1254,证件号码,身份证件号码,户主证件号码
1255,户口详细地址,户口详址,居住地详细地址
1263,辖区村（居委会）联系人电话,居委会联系电话,户籍地址村
1264,身份证号码,公民身份号码,护照号码
1266,手机号,联系电话,通行证号码
1268,手机号,联系电话,通行证号码
1269,身份证,公民身份号码,护照号码
1272,移动电话,联系电话,办公电话
1274,身份证号,公民身份号码,户主证件号码
1278,证件号码,身份证件号码,户主证件号码
1281,家庭地址详细,家庭地址详址,家庭地址
1284,手机号码,联系电话,护照号码
1286,通讯地址详细,通讯地址详址,居住地详细地址
1288,证件号码,身份证件号码,户主证件号码
1294,手机号码,联系电话,护照号码
1297,证件号码,身份证件号码,户主证件号码
1299,手机号码,联系电话,护照号码
1300,身份证号码,公民身份号码,护照号码
1304,身份证号,公民身份号码,户主证件号码
1306,联系手机,联系电话,联系人电话
1308,出卖人（公司名称）,出卖人名称,企业名称或个人姓名
1309,备案号（字符串）,房产交易备案号,身份证件类型代码
1312,法人联系电话,法定代表人联系电话,代理人联系电话
1313,机构名称,房屋中介机构名称,公证机构名称
1317,身份证号,公民身份号码,户主证件号码
1322,证件号,身份证件号码,居住证号
1323,证件号码,身份证件号码,户主证件号码
1325,手机号码,联系电话,护照号码
1330,身份证号,公民身份号码,户主证件号码
1333,权利人证件号,权利人身份证件号码,权利人公民身份号码
1341,受让人电话,受让人联系电话,受让人传真号码
1344,个人姓名,不动产权利人姓名,单位名称或个人姓名
1346,个人联系电话,联系电话,投诉人联系电话
1347,个人手机,联系电话,个人照片
1349,企业法人名称,法定代表人姓名,企业名称
1352,企业移动电话,企业联系电话,生产企业
1353,身份证号码,公民身份号码,护照号码
1354,从事会计工作岗位,岗位分类,任职岗位
1366,会计专业技术职务,专业技术职务,财会人员专业技术职务
1367,注册会计师证号,资格证书编号,注册证书编号
1368,注册评估师证号,资格证书编号,注册证书编号
1372,证件号码,身份证件号码,户主证件号码
1374,专业技术资格取得时间,取得时间,专业技术资格取得方式
1377,个人联系电话（或手机）,联系电话,企业名称或个人姓名
1380,工作单位名称,工作单位,工作单位地址
1381,现单位入职(注册)时间,入职时间,原工作单位
1386,高端人才取得时间,资格证发证日期,取得专业技术职务时间
1389,证书编号,从业资格证证书编号,从业证书编号
1391,国家（地区）,国家地区,何国家地区来本址
1392,身份证号,公民身份号码,户主证件号码
1397,执业机构名称,执业机构,律师执业证书编号
1398,专业技术职务,财会人员专业技术职务,专业技术职务
1403,执业机构名称,执业机构,律师执业证书编号
1404,专业技术职务,财会人员专业技术职务,专业技术职务
1405,执业类别,财会人员执业类型,药师执业类型
1406,身份证号,公民身份号码,户主证件号码
1407,居民身份证号码,公民身份号码,护照号码
1409,项目名称,许可项目名称,项目名称
1413,许可有效日期结束时间,许可证有效期结束日期,证照有效开始日期
1415,批准日期,许可批准日期,备案批准日期
1422,当前状态,就业状态,从业状态
1424,许可证有效起始日期,许可证有效期开始日期,有效起始日期
1427,事业单位证书号,统一社会信用代码,导游证资格证号
1430,初次领证日期,驾驶证初次领证日期,初次领证日期
1436,有效期起,有效起始日期,有效期开始日期
1437,有效期止,有效到期日期,延期有效期开始时间
1440,状态,驾驶证状态,从业状态
1441,身份证号,公民身份号码,户主证件号码
1445,身份证号,公民身份号码,户主证件号码
1453,证书编号,培训合格证书编号,从业证书编号
1454,核发时间,证件核发日期,发证时间
1456,身份证号,公民身份号码,户主证件号码
1460,证书编号,考试合格证书编号,从业证书编号
1463,证书号码,海员培训合格证编号,证书查询
1464,证书状态,资格证证书状态,证书状态_资格证证书状态
1465,有效期至,证书有效期截止日期,延期有效期开始时间
1466,身份证号码,公民身份号码,护照号码
1467,证书签发日期,发证日期,证件签发日期
1468,签发机关名称,发证机关,登记机关代码
1473,适用的限制(等级与职务),海员适用限制,处罚的种类和依据
1475,证书号码,海员适任证编号,证书查询
1476,等级与职务,海员等级职务,职务级别
1477,证书状态,资格证证书状态,证书状态_资格证证书状态
1480,身份证号码,公民身份号码,护照号码
1481,证书签发日期,发证日期,证件签发日期
1482,签发机关名称,发证机关,登记机关代码
1483,级别,海员级别,资格级别
1486,照片信息,个人照片,车辆照片
1491,海员证签发日期,签发日期,海员证签发国代码
1495,身份证号码,公民身份号码,护照号码
1497,海员证签发单位,签发机构,海员证签发国代码
1503,核发日期,资格证核发日期,证件核发日期
1507,身份证号,公民身份号码,户主证件号码
1511,证书编号,从业资格证证书编号,从业证书编号
1512,证书状态,资格证证书状态,证书状态_资格证证书状态
1516,核发日期,资格证核发日期,证件核发日期
1519,身份证号,公民身份号码,户主证件号码
1523,证书编号,从业资格证证书编号,从业证书编号
1525,证书状态,资格证证书状态,证书状态_资格证证书状态
1526,初始领证时间,驾驶证初次领证日期,登记时间
1528,证号,资格证证照编号,户主证件号码
1535,证照状态,资格证状态,证照状态
1536,有效期起,有效起始日期,有效期开始日期
1537,有效期止,有效到期日期,延期有效期开始时间
1542,技术职称,技术职称名称,职称
1543,身份证号,公民身份号码,户主证件号码
1548,证书类别,公路水运工程施工企业人员证书类别,资格证证书类型
1550,证书编号,从业资格证证书编号,从业证书编号
1555,身份证号,公民身份号码,户主证件号码
1556,证书编号,从业资格证证书编号,从业证书编号
1563,技术职称,技术职称名称,职称
1564,证书编号,从业资格证证书编号,从业证书编号
1565,身份证号,公民身份号码,户主证件号码
1566,初始领证时间,驾驶证初次领证日期,登记时间
1567,证号,资格证证照编号,户主证件号码
1571,身份证号,公民身份号码,户主证件号码
1575,证照状态,资格证状态,证照状态
1576,有效期起,有效起始日期,有效期开始日期
1581,身份证号,公民身份号码,户主证件号码
1582,证照状态,资格证状态,证照状态
1585,资格种类,教师资格种类,从业资格类别
1586,证书编号,从业资格证证书编号,从业证书编号
1587,证书签发日期,发证日期,证件签发日期
1596,执行时间,资格证注册时间,执行完毕日期
1598,毕业时间,毕业日期,考试时间
1602,身份证,公民身份号码,护照号码
1610,专业,专业名称,所学专业
1611,身份证号,公民身份号码,户主证件号码
1618,地区编号,行政区划代码,省市名称
1620,栏目编号,动物狂犬病免疫证明编号,搜案编号
1623,地址,动物畜养地址,地址
1624,发证单位,发证机关,发证单位
1625,畜主身份证号,畜主公民身份号码,户主证件号码
1628,状态,证明状态,从业状态
1629,地区编号,行政区划代码,省市名称
1631,有效期,许可有效期,证书有效期
1633,栏目编号,许可编号,搜案编号
1635,申请地点,许可申请地,许可申请时间
1638,个人身份证号,公民身份号码,个人公积金账号
1641,电话号码,联系电话,联系人电话
1646,状态,许可证状态,从业状态
1647,身份证号,公民身份号码,户主证件号码
1648,证书号,注册证书编号,导游证号
1651,所在单位,所属单位,退休申报单位
1658,证号,资格证证照编号,户主证件号码
1659,类型,身份证件类型,检查类型
1660,编制,人员编制,工作单位及职务职称
1663,类型,农机检验类型,检查类型
1665,所在单位,所属单位,退休申报单位
1667,身份证号,公民身份号码,户主证件号码
1670,证号,资格证证照编号,户主证件号码
1671,编制,人员编制,工作单位及职务职称
1676,身份证号,公民身份号码,户主证件号码
1677,所在单位,所属单位,退休申报单位
1679,证号,资格证证照编号,户主证件号码
1680,编制,人员编制,工作单位及职务职称
1684,所在单位,所属单位,退休申报单位
1686,身份证号,公民身份号码,户主证件号码
1688,状态,资格证状态,从业状态
1689,地区编号,行政区划代码,省市名称
1691,有效起始期,有效期开始日期,有效起始日期
1692,有效终止期,有效期截止日期,有效到期日期
1693,栏目编号,农机维修技术合格证编号,搜案编号
1701,负责人身份证号,负责人公民身份号码,法定代表人或者负责人身份证件号码
1703,状态,合格证书状态,从业状态
1704,地区编号,行政区划代码,省市名称
1706,有效起始期,有效期开始日期,有效起始日期
1707,有效终止期,有效期截止日期,有效到期日期
1713,身份证号,公民身份号码,户主证件号码
1714,状态,证明状态,从业状态
1715,初次领证日期,驾驶证初次领证日期,初次领证日期
1717,有效期始日期,驾驶证有效开始日期,有效期开始日期
1719,身份证号(驾驶证号),驾驶证号码,原许可证号
1720,有效期(年),驾驶证有效期限,5年内退休人员数
1722,状态,驾驶证状态,从业状态
1729,状态,驾驶证状态,从业状态
1730,地区编号,行政区划代码,省市名称
1733,照片,个人照片,相片路径
1735,内容,资格证内容,申请内容
1736,证书编号,从业资格证证书编号,从业证书编号
1738,身份证件号,公民身份号码,银行卡号
1740,状态,资格证状态,从业状态
1741,地区编号,行政区划代码,省市名称
1744,照片,个人照片,相片路径
1746,内容,资格证内容,申请内容
1747,证书编号,从业资格证证书编号,从业证书编号
1749,身份证件号,公民身份号码,银行卡号
1751,状态,资格证状态,从业状态
1754,签发机关,发证机关,审批机关
1756,身份证号码,公民身份号码,护照号码
1757,状态,资格证状态,从业状态
1758,签发日期,证明签发日期,签发日期
1761,证书编号,从业资格证证书编号,从业证书编号
1765,发证单位,发证机关,发证单位
1768,级别名称,资格级别,报考级别名称
1771,所属系列,专业技术职务系列名称,所属地区
1772,状态,资格证状态,从业状态
1774,所在县（市、区）、市本级,所在市县区,市
1781,证件类别,身份证件类型,登记类别
1782,照片路径,个人照片,相片路径
1787,证件号码,身份证件号码,户主证件号码
1788,证书编号,从业资格证证书编号,从业证书编号
1789,发证单位,发证机关,发证单位
1794,状态,资格证状态,从业状态
1797,证件号码,身份证件号码,户主证件号码
1798,照片路径,个人照片,相片路径
1802,证件号码,身份证件号码,户主证件号码
1803,专业技术资格名称（含等级）,专业技术资格名称,证件大类
1804,证书号,职称证书编号,导游证号
1806,注销日期,职称证书注销日期,注销日期_居住证注销日期
1810,证件号码,身份证件号码,户主证件号码
1812,发证单位,发证机关,发证单位
1820,证书颁发日期,发证日期,职称证书注销日期
1821,证书编号,职业技能证书编号,从业证书编号
1825,发证单位,发证机关,发证单位
1828,签发时间,发证日期,填发时间
1829,状态,资格证状态,从业状态
1832,有效期起始,证书有效期开始日期,有效起始日期
1834,证件类别,身份证件类型,登记类别
1835,照片路径,个人照片,相片路径
1838,证件号码,身份证件号码,户主证件号码
1839,证照编号,资格证证照编号,证照编号
1843,级别名称,职务级别,报考级别名称
1845,聘期（起止时间）,聘用期限,职业病危害因素接触史（从业时间年）
1846,所属系列,专业技术职务系列名称,所属地区
1848,所在地市、省级主管部门,省市主管部门,所在地市
1849,所在县（市、区）、市本级,所在市县区,市
1855,聘任职务名称,聘任职务,职务聘任日期
1857,证件号码,身份证件号码,户主证件号码
1859,资格证书号,注册证书编号,导游证资格证号
1862,有效期起,有效起始日期,有效期开始日期
1863,有效期止,有效到期日期,延期有效期开始时间
1864,身份证号,公民身份号码,户主证件号码
1867,证书状态,资格证证书状态,证书状态_资格证证书状态
1869,执业类型,药师执业类型,医师执业类型
1870,执业单位,执业机构,注册执业单位
1875,身份证,公民身份号码,护照号码
1878,注册发证时间,发证时间,资格证注册时间
1879,证书编号,从业资格证证书编号,从业证书编号
1880,申请时间,许可申请时间,申请时间
1885,资格证书,港澳律师资格证书名称,资格证证书编号
1886,文化程度,学历,死者文化程度
1887,党派,政治面貌,现任党政职务
1888,身份证号,公民身份号码,户主证件号码
1889,户籍所在地,户籍地,配偶户籍所在地
1895,内地地址,港澳人员内地住址,港澳地址
1898,何时到所工作,工作开始时间,是否在岗
1902,外国语言水平,外语水平,掌握何种外国语言
1904,申请时间,许可申请时间,申请时间
1909,资格证书,港澳律师资格证书名称,资格证证书编号
1910,文化程度,学历,死者文化程度
1911,党派,政治面貌,现任党政职务
1912,身份证号,公民身份号码,户主证件号码
1913,户籍所在地,户籍地,配偶户籍所在地
1915,地址,律师事务所地址,地址
1916,电话,联系电话,联系人电话
1918,何时到所工作,工作开始时间,是否在岗
1919,档案存放何处,人事档案存放处,档案存放机构联系电话
1922,居所地址,居住地址,住所地址
1927,外国语言水平,外语水平,掌握何种外国语言
1929,编制,人员编制,工作单位及职务职称
1933,身份证号,公民身份号码,户主证件号码
1934,涉外,是否涉外人员,港澳律师事务所名称
1936,文化程度,学历,死者文化程度
1942,获得执业资格时间,资格证注册日期,取得资格时间
1950,身份证号,公民身份号码,户主证件号码
1951,证书状态,资格证证书状态,证书状态_资格证证书状态
1953,证书编码,从业证书编号,证书查询
1954,党派,政治面貌,现任党政职务
1956,户籍所在地,户籍地,配偶户籍所在地
1958,区域名称,行政区划名称,购方名称
1959,身份证号,公民身份号码,户主证件号码
1960,手机号码,联系电话,护照号码
1962,文化程度,学历,死者文化程度
1969,身份证号,公民身份号码,户主证件号码
1970,证书状态,资格证证书状态,证书状态_资格证证书状态
1972,证书编码,从业证书编号,证书查询
1976,状态,资格证状态,从业状态
1977,证书编号,从业资格证证书编号,从业证书编号
1978,身份证号,公民身份号码,户主证件号码
1981,所在地,所在地区,所在地市
1983,状态,资格证状态,从业状态
1989,区域编码,行政区划代码,矿区编码
1990,区域名称,行政区划名称,购方名称
1996,执业类型,律师执业类型,医师执业类型
1997,身份证,公民身份号码,护照号码
1998,法律职业资格（律师）证号,资格证书编号,法律职业资格或律师资格证号
2001,区域名称,行政区划名称,购方名称
2004,身份证号,公民身份号码,户主证件号码
2008,执业证类别,资格证证书类型,法律资格证执业证号
2012,执业类型,律师执业类型,医师执业类型
2018,申请时间,许可申请时间,申请时间
2021,申请状态,律师许可申请状态,注册状态
2023,省级编码,省代码,省市名称
2024,市级编码,市代码,所属区县代码
2025,区级编码,所在区县代码,所属区县代码
2026,批准日期,许可批准日期,备案批准日期
2027,是否取消（否：表示正常状态1：表示事务所已经提出了申请是：表示省厅已经撤销）,是否取消,处罚的履行方式和期限
2030,状态,资格证状态,从业状态
2037,区域名称,行政区划名称,购方名称
2043,执业类型,律师执业类型,医师执业类型
2044,身份证,公民身份号码,护照号码
2046,身份证号,公民身份号码,户主证件号码
2050,文化程度,学历,死者文化程度
2052,专业,专业名称,所学专业
2057,行业资格,司法鉴定执业类型,从业资格类别
2058,区域编码,行政区划代码,矿区编码
2059,区域名称,行政区划名称,购方名称
2060,身份证号码,公民身份号码,护照号码
2064,执业类别,司法鉴定人员执业类型,药师执业类型
2066,有效期结束日期,有效期截止日期,许可证有效期结束日期
2067,有效期起始日期,有效期开始日期,有效起始日期
2071,行业执业资格,司法鉴定执业类型,行业
2073,身份证号,公民身份号码,户主证件号码
2074,证书状态,资格证证书状态,证书状态_资格证证书状态
2077,证书编码,从业证书编号,证书查询
2084,身份证号,公民身份号码,户主证件号码
2096,证书编号,从业资格证证书编号,从业证书编号
2097,证书颁发机构,发证机关,荣誉颁发机构
2098,取得日期,发证日期,取得时间
2104,身份证号码,公民身份号码,护照号码
2105,发证单位,发证机关,发证单位
2108,有效期（起始）,证书有效期开始日期,有效起始日期
2111,状态,职称证书状态,从业状态
2112,证书编号,职称证书编号,从业证书编号
2113,等级,社会体育指导员等级,职业技能等级
2114,发证单位,发证机关,发证单位
2117,状态,合格证书状态,从业状态
2118,身份证号,公民身份号码,户主证件号码
2119,证书编号,培训合格证书编号,从业证书编号
2121,发证单位,发证机关,发证单位
2128,身份证号码,公民身份号码,护照号码
2129,证书编号,从业资格证证书编号,从业证书编号
2130,等级,社会体育指导员等级,职业技能等级
2131,证书编号,从业资格证证书编号,从业证书编号
2133,身份证号,公民身份号码,户主证件号码
2136,等级,运动员等级,职业技能等级
2146,身份证号,公民身份号码,户主证件号码
2149,执业机构名称,执业机构,律师执业证书编号
2150,注册有效期,护士资格注册有效期,资格证注册日期
2151,证件状态,执业资格证状态,证件状态
2154,执业证书编码,注册证书编号,职称证书注销日期
2161,身份证号,公民身份号码,户主证件号码
2167,执业机构名称,执业机构,律师执业证书编号
2168,执业类别,医师执业类型,药师执业类型
2170,核发日期,资格证核发日期,证件核发日期
2171,执业证书编号,资格证书编号,律师执业证书编号
2174,证件状态,执业资格证状态,证件状态
2175,专业,专业名称,所学专业
2178,身份证号,公民身份号码,户主证件号码
2180,资格证号,注册证书编号,导游证资格证号
2182,等级,导游等级,职业技能等级
2183,申请时间,资格证申请时间,申请时间
2190,办证日期,读者证办证日期,发证日期
2191,移动电话,联系电话,办公电话
2193,身份证号,公民身份号码,户主证件号码
2195,有效期止,有效到期日期,延期有效期开始时间
2200,证号,资格证证照编号,户主证件号码
2206,人员类型,企业安全生产管理人员类别,服务人员类型
2207,行政区划,行政区划名称,所属行政区划
2209,文化程度,学历,死者文化程度
2210,身份证号,公民身份号码,户主证件号码
2215,手机号码,联系电话,护照号码
2216,身份证号码,公民身份号码,护照号码
2221,证件编号,注册证书编号,证照编号
2224,身份证号,公民身份号码,户主证件号码
2225,所属区域,所在地区,所属地区
2227,包括姓名,姓名,单位名称或个人姓名
2228,注册号,注册证书编号,营业执照注册号
2230,执业资格证书编号,注册证书编号,资格证证书编号
2231,执行时间,资格证注册时间,执行完毕日期
2234,有效日期,证书有效期,有效到期日期
2235,批准日期,上岗批准日期,备案批准日期
2236,证书编号,从业资格证证书编号,从业证书编号
2237,用人单位,单位名称,用人单位
2242,初始发证时间,首次发证时间,发证时间
2246,身份证号,公民身份号码,户主证件号码
2251,状态,资格证状态,从业状态
2254,注册证书号,注册证书编号,注册证书状态
2256,证件号码,身份证件号码,户主证件号码
2263,法人联系电话,法定代表人联系电话,代理人联系电话
2264,机构名称,房屋中介机构名称,公证机构名称
2269,身份证号,公民身份号码,户主证件号码
2272,证书编号,从业资格证证书编号,从业证书编号
2274,有效期至,证书有效期截止日期,延期有效期开始时间
2280,状态,资格证状态,从业状态
2281,身份证号,公民身份号码,户主证件号码
2282,人员所在企业名称,所属企业,所属企业组织机构代码
2288,毕业时间,毕业日期,考试时间
2289,证件号码,身份证件号码,户主证件号码
2293,手机号码,联系电话,护照号码
2296,技术职称,技术职称名称,职称
2297,人员类型,建筑企业人员类别,服务人员类型
2301,注册有效期,建筑人员注册有效期,资格证注册日期
2302,注册类型与等级,拆分,维修类型及等级
2304,注册截止日期,资格证有效截止日期,证书有效期截止日期
2306,初始发证时间,首次发证时间,发证时间
2309,技术职称,技术职称名称,职称
2311,身份证号,公民身份号码,户主证件号码
2315,证书编号,培训合格证书编号,从业证书编号
2316,状态,合格证书状态,从业状态
2320,初始发证时间,首次发证时间,发证时间
2321,身份证号,公民身份号码,户主证件号码
2324,状态,资格证状态,从业状态
2325,有效期起,有效起始日期,有效期开始日期
2326,有效期止,有效到期日期,延期有效期开始时间
2327,证书编号,从业资格证证书编号,从业证书编号
2330,身份证号,公民身份号码,户主证件号码
2331,证书编号,从业资格证证书编号,从业证书编号
2334,状态,资格证状态,从业状态
2337,等级,勘察设计工程师等级,职业技能等级
2340,结束时间,勘察项目结束时间,发布结束时间
2342,项目名称,参与项目名称,项目名称
2344,开始时间,项目开始日期,工作开始时间
2354,证件号码,身份证件号码,户主证件号码
2363,技术职称,技术职称名称,职称
2366,用人单位,单位名称,用人单位
2368,实际成绩,考试成绩,成绩
2371,身份证号,公民身份号码,户主证件号码
2374,有效期起,有效起始日期,有效期开始日期
2376,核发日期,资格证核发日期,证件核发日期
2378,证书类别,公路水运工程施工企业人员证书类别,资格证证书类型
2380,证书状态,资格证证书状态,证书状态_资格证证书状态
2381,有效期止,有效到期日期,延期有效期开始时间
2382,证书编号,从业资格证证书编号,从业证书编号
2383,身份证号,公民身份号码,户主证件号码
2387,原公司名称,原工作单位,企业名称或个人姓名
2388,现公司名称,现工作单位,企业名称或个人姓名
2389,取得日期,发证日期,取得时间
2392,证书编号,从业资格证证书编号,从业证书编号
2394,身份证号,公民身份号码,户主证件号码
2397,人员类别,物业从业人员类别,就业人员类别
2399,注册机关,登记机关,备案机关
2401,证书编号,从业资格证证书编号,从业证书编号
2404,身份证号,公民身份号码,户主证件号码
2407,状态,资格证状态,从业状态
2412,有效期至,证书有效期截止日期,延期有效期开始时间
2413,注册号,注册证书编号,营业执照注册号
2416,状态,资格证状态,从业状态
2419,证书编号,培训合格证书编号,从业证书编号
2420,身份证号码,公民身份号码,护照号码
2424,有效期截止日期,资格证有效截止日期,有效期截止日期
2427,身份证号码,公民身份号码,护照号码
2428,作业证编号,注册证书编号,作业类别
2429,作业证状态,注册证书状态,证书状态_资格证证书状态
2431,身份证,公民身份号码,护照号码
2438,身份证,公民身份号码,护照号码
2440,所属辖区,所在地区,所属区县
2441,年份,评标年份,毕业年份
2442,专家身份证件号,专家身份证件号码,专家身份证件类型
2445,专家类别,应急安全生产专家类别,专业类别
2447,标段（包）编号,招标项目标段包号,原许可证号
2450,工作单位名称,工作单位,工作单位地址
2452,身份证号,公民身份号码,户主证件号码
2458,身份证号,公民身份号码,户主证件号码
2462,类别,捐赠类别,专业类别
2465,救护培训师（救护员）证书编号,资格证书编号,保安员或守护押运人员姓名
2466,身份证号,公民身份号码,户主证件号码
2470,身份证号,公民身份号码,户主证件号码
2479,身份证号,公民身份号码,户主证件号码
2480,监理人员证书编号,资格证证书编号,建筑人员注册有效期
2484,身份证号,公民身份号码,户主证件号码
2486,省份,省,出生地省市县区
2491,结果,申请结果,检验结果
2493,名称,奖项名称,购方名称
2494,申请编号,科学技术奖申请编号,申请日期
2497,序号,科技成果发明人序号,搜案编号
2498,颁发机构,发证机构,荣誉颁发机构
2499,法定代表人（负责人）,法定代表人姓名,法定代表人或负责人证件名称
2502,荣誉文书编号,荣誉证书编号,荣誉序号
2509,身份证号,公民身份号码,户主证件号码
2510,所在区域,行政区划名称,所在城市
2511,技术职称,技术职称名称,职称
2514,身份证号,公民身份号码,户主证件号码
2523,凭证编号,慈善捐赠凭证编号,搜案编号
2525,捐赠人身份证号,捐赠人公民身份号码,捐赠人姓名
2529,身份证号,公民身份号码,户主证件号码
2530,单位名称/姓名,姓名,单位名称或个人姓名
2539,0:律师，1：律师事务所,奖励对象类型,律师事务所名称
2541,获奖人姓名,获奖者姓名,获奖人公民身份号码
2546,何种奖励,奖励名称,奖励决定内容
2548,区域编码,行政区划代码,矿区编码
2549,区域名称,行政区划名称,购方名称
2550,身份证号,公民身份号码,户主证件号码
2555,执业证书号,注册证书编号,执业印章号
2558,身份证号,公民身份号码,户主证件号码
2566,身份证号,公民身份号码,户主证件号码
2574,专家类别,应急安全生产专家类别,专业类别
2577,聘用有效期止,聘用截止日期,聘用期限
2581,所在企业名称,所属企业,企业名称
2587,建设单位,承建单位名称,建设单位组织机构代码
2589,证件号码,身份证件号码,户主证件号码
2593,人员类型,建筑企业人员类别,服务人员类型
2594,良好行为发生所在地市,所在地市,良好行为描述
2595,良好行为发生所在区县,所在区县,负有直接责任的中介机构及其从业人员信息
2596,良好行为发生所在省,所在省,良好行为描述
2601,良好行为发生日期,发生日期,不良行为发生日期
2609,证件号码,身份证件号码,户主证件号码
2617,创建时间,军人安置计划时间,注销完成时间
2622,身份证,公民身份号码,护照号码
2626,人员类别,军人类别,就业人员类别
2632,行政区划,行政区划名称,所属行政区划
2635,申请身份证,申请人公民身份号码,申请登记日期
2639,累计收入,救助人员累计收入金额,累计收入金额
2641,年份,救助年份,毕业年份
2642,月份,救助月份,统计月份
2643,户籍地址,户籍地址,户籍地址详址
2644,申请类别,救助申请类别,注册类别
2650,开户人身份证,开户人公民身份号码,开户人姓名
2653,累计支出,救助人员累计支出金额,累计支出金额
2665,省厅区划编码,行政区划代码,发证地编码
2668,身份证,公民身份号码,护照号码
2673,文化程度,学历,死者文化程度
2679,年份,救助年份,毕业年份
2680,月份,救助月份,统计月份
2683,人员类别,救助人员类别,就业人员类别
2691,户籍地址,户籍地址,户籍地址详址
2694,申请人身份证,申请人公民身份号码,申请人姓名
2702,行政区划,行政区划名称,所属行政区划
2705,累计收入,救助人员累计收入金额,累计收入金额
2706,申请类别,救助申请类别,注册类别
2710,开户人身份证,开户人公民身份号码,开户人姓名
2712,累计支出,救助人员累计支出金额,累计支出金额
2725,省厅区划编码,行政区划代码,发证地编码
2727,年份,救助年份,毕业年份
2728,月份,救助月份,统计月份
2729,身份证,公民身份号码,护照号码
2734,文化程度,学历,死者文化程度
2739,人员类别,救助人员类别,就业人员类别
2753,年份,救助年份,毕业年份
2754,月份,救助月份,统计月份
2758,身份证,公民身份号码,护照号码
2766,文化程度,学历,死者文化程度
2768,籍贯,籍贯,籍贯详址
2769,现居地,现居地址,迁往地详址
2775,服务费,居家养老服务费,补贴金额
2776,人员类别,居家养老服务人员类别,就业人员类别
2780,身份证,公民身份号码,护照号码
2784,执行时间,待遇发放时间,执行完毕日期
2791,关系,与户主关系,参贷关系
2792,户主身份证,户主公民身份号码,户主证件号码
2795,身份证,公民身份号码,护照号码
2799,行政区划,行政区划名称,所属行政区划
2802,申请身份证,申请人公民身份号码,申请登记日期
2806,年份,救助年份,毕业年份
2807,月份,救助月份,统计月份
2808,户籍地址,户籍地址,户籍地址详址
2815,开户人身份证,开户人公民身份号码,开户人姓名
2825,省厅区划编码,行政区划代码,发证地编码
2827,工作学习单位,救助人员工作学习单位,工作单位
2828,身份证,公民身份号码,护照号码
2832,文化程度,学历,死者文化程度
2838,年份,救助年份,毕业年份
2839,月份,救助月份,统计月份
2843,人员类别,救助人员类别,就业人员类别
2850,户籍所在地,户籍地,配偶户籍所在地
2851,现居住地址,现居地址,居住地址
2852,身体情况（健康、残疾、患病）,身体状况,职业病危害因素接触史（从业时间年）
2855,就学情况（幼儿园、未入园、小学、初中、高中、中职、辍学、不在学）,就学情况,证件大类
2856,救助帮扶情况（享受低保、临时救助、医疗救助、住房救助、其他救助）,救助帮扶情况,救助人员其他补助金
2857,所在地级市,所在地市,所在区县
2858,所在区（县、市）,所在市县区,所在地市
2868,公民身份证号码,公民身份号码,户主公民身份号码
2872,父亲公民身份证号码,父亲公民身份号码,户主公民身份号码
2885,身份证,公民身份号码,护照号码
2890,文化程度,学历,死者文化程度
2897,年份,救助年份,毕业年份
2898,月份,救助月份,统计月份
2901,人员类别,救助人员类别,就业人员类别
2906,申请身份证,申请人公民身份号码,申请登记日期
2908,户籍地址,户籍地址,户籍地址详址
2919,行政区划,行政区划名称,所属行政区划
2922,年份,救助年份,毕业年份
2923,月份,救助月份,统计月份
2925,申请类别,救助申请类别,注册类别
2928,开户人身份证,开户人公民身份号码,开户人姓名
2936,省厅区划编码,行政区划代码,发证地编码
2941,户口所在地,户籍地,配偶户籍所在地
2948,身份证,公民身份号码,护照号码
2951,行政区划编号,行政区划代码,行政区划名称
2953,本人自付金额,救助对象自付金额,自付金额
2955,行政区划,行政区划名称,所属行政区划
2958,申请身份证,申请人公民身份号码,申请登记日期
2963,年份,救助年份,毕业年份
2964,月份,救助月份,统计月份
2965,户籍地址,户籍地址,户籍地址详址
2989,住院救助额,救助金额,门诊救助金额
2990,住院救助数,救助次数,医疗救助人员数
2994,省厅区划编码,行政区划代码,发证地编码
2996,工作学习单位,救助人员工作学习单位,工作单位
2997,身份证,公民身份号码,护照号码
3002,文化程度,学历,死者文化程度
3009,年份,救助年份,毕业年份
3010,月份,救助月份,统计月份
3013,人员类别,救助人员类别,就业人员类别
3019,户口所在地,户籍地,配偶户籍所在地
3020,家庭户口,救助家庭户口数,家庭住址
3026,申请人身份证号,申请人公民身份号码,申请人姓名
3030,行政区划,行政区划名称,所属行政区划
3039,身份证号,公民身份号码,户主证件号码
3040,申请类别,救助申请类别,注册类别
3044,退伍（离退休）日期,离退休日期,退伍离退休日期
3045,户口簿上地址,户籍地址详址,户籍地址区划内详细地址
3058,所属区县代码,所在区县代码,所属区县代码
3059,所属区县名称,所在区县,所属区县代码
3060,收养父亲住址,收养父亲居住地址,收养父亲姓名
3061,收养母亲住址,收养母亲居住地址,收养母亲姓名
3062,收养父亲身份证件号,收养父亲身份证件号码,收养母亲身份证件号码
3068,被收养人住址,被收养人居住地址,被收养人姓名
3075,送养人姓名（名称）,送养人姓名,单位名称或个人姓名
3076,状态,收养登记状态,从业状态
3080,申请类别,救助申请类别,注册类别
3084,人员类别,重残人员类别,就业人员类别
3085,人员姓名,姓名,法定代表人或者负责人身份证件号码
3087,人员身份证,公民身份号码,处罚单位法定代表人公民身份号码
3100,卡号,社会保障号码,银行卡号
3101,卡状态,社保卡状态,精神病人卡状态
3109,个人缴费状态,社保个人缴费状态,个人缴费状态
3111,证件号码,身份证件号码,户主证件号码
3112,开始日期,社保参保开始日期,有效期开始日期
3114,险种类型,险种,报销类型
3117,身份证号,公民身份号码,户主证件号码
3125,执行时间,缴费时间,执行完毕日期
3140,统筹区名称,社保统筹区,地址所属区名称
3146,证件号码,身份证件号码,户主证件号码
3155,执行时间,待遇发放时间,执行完毕日期
3158,开始年月,待遇发放开始年月,终止年月
3169,户籍地址,户籍地址,户籍地址详址
3172,户籍地省市区县,户籍地省市县区,户籍地省市区县
3191,所在行政区划,行政区划名称,所属行政区划
3192,状态,保障对象状态,从业状态
3197,身份证号码,公民身份号码,护照号码
3216,身份证号码,公民身份号码,护照号码
3218,业务类型（缴交，提取，逐月还贷款，年度结息）,公积金业务类型,处罚的履行方式和期限
3237,房屋坐落,不动产坐落,租赁房屋坐落
3242,月还金额,月还款额,个人月缴存金额
3252,贷款期限（月）,贷款期限,个人月缴存比例
3258,身份证号,公民身份号码,户主证件号码
3259,适用的限制(等级与职务),海员适用限制,处罚的种类和依据
3261,证书号码,海员适任证编号,证书查询
3262,等级与职务,海员等级职务,职务级别
3263,证书状态,资格证证书状态,证书状态_资格证证书状态
3266,身份证号码,公民身份号码,护照号码
3267,证书签发日期,发证日期,证件签发日期
3268,签发机关名称,发证机关,登记机关代码
3269,级别,海员级别,资格级别
3272,照片信息,个人照片,车辆照片
3274,毕（结）业,毕肄结业时间,职业病危害因素接触史（从业时间年）
3275,毕（结）业日期,毕结业日期,职业病危害因素接触史（从业时间年）
3276,层次,学历,学历层次
3277,证照状态,毕业证状态,证照状态
3281,身份证号,公民身份号码,户主证件号码
3289,校（院）长姓名,校院长姓名,职业病危害因素接触史（从业时间年）
3291,照片,个人照片,相片路径
3292,证书编号,毕业证书编号,从业证书编号
3293,专业,专业名称,所学专业
3296,证照状态,学位证状态,证照状态
3298,国别,国籍,国籍地区
3310,证件号码,身份证件号码,户主证件号码
3312,照片,个人照片,相片路径
3315,证书分类,学位证书分类,资格证证书类型
3320,层次,学历,学历层次
3321,当年所在级,年级,所属地
3323,身份证号,公民身份号码,户主证件号码
3330,照片,个人照片,相片路径
3333,身份证号,公民身份号码,户主证件号码
3334,照片,个人照片,相片路径
3338,照片,个人照片,相片路径
3340,内容,资格证内容,申请内容
3341,证书编号,从业资格证证书编号,从业证书编号
3343,身份证件号,公民身份号码,银行卡号
3345,状态,资格证状态,从业状态
3348,照片,个人照片,相片路径
3350,内容,资格证内容,申请内容
3351,证书编号,从业资格证证书编号,从业证书编号
3353,身份证件号,公民身份号码,银行卡号
3355,状态,资格证状态,从业状态
3357,注册登记时间,机动车注册登记日期,登记时间
3370,身份证号,公民身份号码,户主证件号码
3377,状态,动产状态,从业状态
3381,挂车架号码,车辆识别代码,发动机号码
3384,状态,动产状态,从业状态
3385,发证单位,发证机关,发证单位
3388,序号,司法案件序号,搜案编号
3390,状态,资格证状态,从业状态
3393,证件号码,身份证件号码,户主证件号码
3394,照片路径,个人照片,相片路径
3397,发证单位,发证机关,发证单位
3400,签发时间,发证日期,填发时间
3401,状态,资格证状态,从业状态
3404,有效期起始,证书有效期开始日期,有效起始日期
3406,证件类别,身份证件类型,登记类别
3407,照片路径,个人照片,相片路径
3410,证件号码,身份证件号码,户主证件号码
3411,证照编号,资格证证照编号,证照编号
3416,发证单位,发证机关,发证单位
3419,级别名称,资格级别,报考级别名称
3423,所属系列,专业技术职务系列名称,所属地区
3424,状态,资格证状态,从业状态
3426,所在地市、省级主管部门,省市主管部门,所在地市
3427,所在县（市、区）、市本级,所在市县区,市
3433,证件类别,身份证件类型,登记类别
3434,照片路径,个人照片,相片路径
3439,证件号码,身份证件号码,户主证件号码
3440,证书编号,从业资格证证书编号,从业证书编号
3446,有效期结束时间,证书有效期截止日期,延期有效期结束时间
3447,照片,个人照片,相片路径
3449,身份证号(主键),公民身份号码,身份证件类型代码
3451,身份证号码,公民身份号码,护照号码
3455,有效期结束时间,证书有效期截止日期,延期有效期结束时间
3457,资格证书编码,注册证书编号,资格证证照编号
3458,照片,个人照片,相片路径
3462,执业类别,医师执业类型,药师执业类型
3463,执业证书编码,注册证书编号,职称证书注销日期
3464,身份证号,公民身份号码,户主证件号码
3465,用电户名,用户名,出卖人名称
3468,统计年月,电费统计年月,统计年月
3471,证件号码,身份证件号码,户主证件号码
3484,个人护照号,护照号码,个人健康档案号
3491,立户日期,开户日期,登记日期
3492,证件号,身份证件号码,居住证号
3497,"费用状态（欠费信息为""未缴费""）",水电气费用状态,出院或死亡记录标识
3498,户号,用户号,户号
3500,"用户类别(用户类型为单位即为单位,其他为个人)",用户类型,企业名称或个人姓名
3505,立户日期,开户日期,登记日期
3506,证件号,身份证件号码,居住证号
3511,"费用状态（欠费信息为""未缴费""）",水电气费用状态,出院或死亡记录标识
3512,户号,用户号,户号
3514,"用户类别(用户类型为单位即为单位,其他为个人)",用户类型,企业名称或个人姓名
3519,立户日期,开户日期,登记日期
3520,证件号,身份证件号码,居住证号
3525,"费用状态（欠费信息为""未缴费""）",水电气费用状态,出院或死亡记录标识
3526,户号,用户号,户号
3528,"用户类别(用户类型为单位即为单位,其他为个人)",用户类型,企业名称或个人姓名
3530,身份证号码,公民身份号码,护照号码
3533,手机号码,联系电话,护照号码
3543,志愿者身份证号,志愿者公民身份号码,志愿者姓名
3547,身份证号,公民身份号码,户主证件号码
3550,女方公民身份证号,女方公民身份号码,男方公民身份号码
3556,女方身份证号,女方公民身份号码,女方姓名
3560,男方身份证号,男方公民身份号码,男方姓名
3562,登记/审批日期,登记日期,审批日期
3563,记录状态,生育登记状态,从业状态
3565,户籍地址,户籍地址,户籍地址详址
3575,手机号,联系电话,通行证号码
3576,项目,项目名称,项目规模
3578,身份证号码,公民身份号码,护照号码
3588,联名信或集体访,信访件类型,被投诉鉴定人员对象名称
3603,证件号码,身份证件号码,户主证件号码
3608,户口所在地,户籍地,配偶户籍所在地
3613,信访人国籍或港澳台居民身份,国籍地区,采矿权人公民身份号码
3616,证件号码,身份证件号码,户主证件号码
3619,政治身份,政治面貌,是否剥夺政治权力
3630,身份证号,公民身份号码,户主证件号码
3635,户籍地区,户籍地,户口迁往国家地区
3641,身份证,公民身份号码,护照号码
3642,行政区划,行政区划名称,所属行政区划
3647,有效期,证件有效期,证书有效期
3653,父亲证件号码,父亲身份证件号码,母亲身份证件号码
3660,母亲住址,母亲居住地址,母亲住址
3664,签发日期,证明签发日期,签发日期
3676,出生证明编号,出生医学证明编号,人事档案编号
3678,患者身份证号,患者公民身份号码,患者姓名
3682,辖区村（居委会）联系人电话,居委会联系电话,户籍地址村
3688,终止时间,终止日期,注销完成时间
3699,当事人姓名,案件当事人,当事人姓名
3700,当事人身份证号,当事人公民身份号码,当事人姓名
3701,案号代码,案号,街路巷代码
3703,身份证号码,公民身份号码,护照号码
3706,户籍所在地,户籍地,配偶户籍所在地
3712,火化编号,火化证编号,火化日期
3715,身份证号码,公民身份号码,护照号码
3718,报卡日期,死亡报卡日期,登记日期
3720,报卡单位,死亡报卡单位,工作单位
3729,证件号码,身份证件号码,户主证件号码
3732,文化程度,学历,死者文化程度
3734,户口详细地址,户口详址,居住地详细地址
3749,死亡证明发证机关,发证机关,证明机关
3752,身份证号,公民身份号码,户主证件号码
3753,用电户名,用户名,出卖人名称
3756,统计年月,电费统计年月,统计年月
3758,地域名称,所在地区,地址所属国家名称
3759,企业法人姓名,法定代表人姓名,自然人姓名
3761,证件号码,身份证件号码,户主证件号码
3766,执行依据文号,失信被执行人执行依据文号,执行依据
3770,被执行人的履行情况,失信被执行人履行情况,生效法律文书确定的义务
3772,发布时间,失信信息发布时间,发布结束时间
3784,加密证件号码,身份证件号码,用户名
3787,有效截止日期,有效期截止日期,有效截止日期
3794,法定代表人或者负责人证件号码,法定代表人或者负责人身份证件号码,法定代表人或者负责人姓名
3809,公务员姓名,姓名,教师姓名
3811,判决结果,司法案件判决结果,诉讼结果
3812,身份证号,公民身份号码,户主证件号码
3813,生效时间,司法案件判决生效时间,延期有效期结束时间
3814,案号代码,案号,街路巷代码
3816,序号,司法案件序号,搜案编号
3821,状态,调解书状态,从业状态
3823,文书名称,法律文书名称,审批文书内容
3824,案号代码,案号,街路巷代码
3826,序号,司法案件序号,搜案编号
3827,当事人姓名,案件当事人,当事人姓名
3828,当事人身份证号,当事人公民身份号码,当事人姓名
3831,婚姻关系情况,婚姻状况,诉讼情况
3833,状态,判决书状态,从业状态
3835,文书名称,法律文书名称,审批文书内容
3836,案号代码,案号,街路巷代码
3845,身份证号,公民身份号码,户主证件号码
3856,序号,司法案件序号,搜案编号
3861,当事人名称,当事人姓名,当事人名称
3865,判决结果,司法案件判决结果,诉讼结果
3868,案号代码,案号,街路巷代码
3870,被执行人的履行情况,失信被执行人履行情况,生效法律文书确定的义务
3871,被执行人姓名/名称,失信被执行人名称,当事人名称
3873,发布时间,失信信息发布时间,发布结束时间
3875,身份证号码,公民身份号码,护照号码
3883,执行依据文号,失信被执行人执行依据文号,执行依据
3894,身份证号,公民身份号码,户主证件号码
3895,生效时间,司法案件判决生效时间,延期有效期结束时间
3897,案号代码,案号,街路巷代码
3898,序号,司法案件序号,搜案编号
3900,序号,司法案件序号,搜案编号
3904,判决结果,司法案件判决结果,诉讼结果
3906,身份证号,公民身份号码,户主证件号码
3907,生效时间,司法案件判决生效时间,延期有效期结束时间
3909,案号代码,案号,街路巷代码
3912,序号,司法案件序号,搜案编号
3914,当事人类型,司法案件当事人类型,当事人单位类型
3915,当事人名称,当事人姓名,当事人名称
3919,法定代表人证件号,法定代表人身份证件号码,处罚单位法定代表人公民身份号码
3925,文化程度,学历,死者文化程度
3927,证件号,身份证件号码,居住证号
3930,案号代码,案号,街路巷代码
3936,申请人身份证号码,申请人公民身份号码,护照号码
3939,案号代码,案号,街路巷代码
3944,身份证号,公民身份号码,户主证件号码
3947,身份证明号码,身份证件号码,护照号码
3950,违法行为2,违法行为,主要违法行为
3951,违法行为3,违法行为,主要违法行为
3953,判决单位,判决法院,处罚单位
3954,判决结果,司法案件判决结果,诉讼结果
3963,证书状态,刑满释放人员证明文书状态,证书状态_资格证证书状态
3967,证件号码,身份证件号码,户主证件号码
3972,户籍门(楼)详址,户籍门楼详址,原许可证号
3981,现住门(楼)详址,现住门楼详址,在华是否有住所
3984,身份证号码,公民身份号码,护照号码
3985,处罚对象,处罚对象名称,处罚对象类型
4006,处罚对象,处罚对象名称,处罚对象类型
4026,案由名称,案由,法律文书名称
4027,"案件来源，1检查获得,2上级交办,3有关单位移送,4群众举报",案件来源,被投诉鉴定人员对象名称
4033,"船舶检验证书情况，1无或无效,2有效",船舶检验证书状态,出院或死亡记录标识
4037,船主身份证号,船主公民身份号码,船主姓名
4039,"船长，1、12米以下,2、12米至24米,3、24米以上",船长,5年内退休人员数
4040,船名号,船名,船舶所有人公民身份号码
4044,身份证号码,公民身份号码,护照号码
4046,考试项目名称,考试科目,考试名称
4049,决定时间,考生违纪处理决定时间,决定时间
4052,决定时间,考生违纪处理决定时间,决定时间
4054,身份证号,公民身份号码,户主证件号码
4058,处罚决定文书号,处罚决定书文号,处罚决定下达日期
4063,行政处罚决定,处罚决定内容,处罚决定机关
4073,综合判定(行政处罚决定书)(全文或摘要),处罚内容,律师暂扣或吊销证照名称及编号
4077,主要违法事实(违法行为)(违法情况),主要违法行为,主要违法事实
4079,处罚情况,处罚内容,处罚执行情况
4082,处罚时间,处罚日期,处罚结束日期
4085,所属单位名称,所属单位,所属单位类别
4088,发布时间,黑名单信息发布时间,发布结束时间
4090,自然人身份证号码,公民身份号码,户主公民身份号码
4091,自然人姓名,姓名,自然人姓名
4094,处罚时间,处罚日期,处罚结束日期
4098,发布时间,黑名单信息发布时间,发布结束时间
4100,法定代表人身份证号,法定代表人公民身份号码,法定代表人姓名
4102,单位名称/姓名,姓名,单位名称或个人姓名
4105,处罚时间,处罚日期,处罚结束日期
4106,法人身份证号,法定代表人公民身份号码,自然人姓名
4107,法人姓名,法定代表人姓名,自然人姓名
4112,单位名称/姓名,姓名,单位名称或个人姓名
4115,强制执行时间,行政强制执行时间,判决时间
4116,强制执行文号,司法案件强制执行文号,查封文号
4119,临时查封/解除临时查封文号,查解封文号,解除临时查封时间
4121,处罚对象,处罚对象名称,处罚对象类型
4123,处罚决定书号,处罚决定书文号,处罚案卷号
4129,机构编号,处罚机构,发证机构组织机构代码
4137,区域编码,行政区划代码,矿区编码
4138,区域名称,行政区划名称,购方名称
4139,处罚对象,处罚对象名称,处罚对象类型
4144,区域编码,行政区划代码,矿区编码
4145,区域名称,行政区划名称,购方名称
4146,身份证号,公民身份号码,户主证件号码
4149,被处罚人姓名（单位）,处罚对象名称,被投诉鉴定人员对象名称
4150,被处罚人身份证号（统一社会信用代码）,处罚对象公民身份号码,处罚对象统一社会信用代码
4151,处罚对象（1：律师，2：事务所）,处罚对象代码,第一监护人与本人关系
4155,处罚起始日期,处罚开始日期,处罚日期
4157,处罚标题,处罚名称,处罚内容
4158,处罚标题,处罚名称,处罚内容
4159,处罚对象,处罚对象名称,处罚对象类型
4161,处罚类别,处罚类型,处罚种类
4163,法定代表人身份证号,法定代表人公民身份号码,法定代表人姓名
4167,罚款金额（万元）,罚款金额,年应缴税额
4170,区域名称,行政区划名称,购方名称
4174,行政处罚决定文书号,处罚决定书文号,处罚案卷号
4175,工商注册号,统一社会信用代码,营业执照注册号
4180,事业单位证书号,统一社会信用代码,导游证资格证号
4181,证件号码,身份证件号码,户主证件号码
4186,处罚对象,处罚对象名称,处罚对象类型
4205,案件编号,案号,司法案件序号
4213,矫正类别,社区矫正人员类别,矫正类别
4215,区域名称,行政区划名称,购方名称
4216,身份证号,公民身份号码,户主证件号码
4220,户籍详址,户籍地址区划内详细地址,户口详址
4221,户籍省县,户籍地省市区县,配偶户籍地省市县
4223,籍贯,籍贯,籍贯详址
4224,现住地址,居住地址,现居地址
4226,证件号码,身份证件号码,户主证件号码
4228,文化程度,学历,死者文化程度
4234,电话,联系电话,联系人电话
4245,开始日期,社保参保开始日期,有效期开始日期
4246,疾病,疾病名称,疾病确诊医院
4248,服务处所,工作单位,居家养老服务人员数
4251,关押地点（变更情况）,服刑关押地点,处罚的履行方式和期限
4252,籍贯,籍贯,籍贯详址
4256,释放时间,刑满释放时间,死亡时间
4257,身份证号码,公民身份号码,护照号码
4259,刑期起日,刑期开始日期,减刑假释情况
4260,刑期止日,刑期截止日期,减刑假释情况
4266,申请人身份证号码,申请人公民身份号码,护照号码
4270,当事人地址,当事人通讯地址,当事人名称
4272,当事人姓名,案件当事人,当事人姓名
4278,金额,涉案金额,累计支出金额
4282,当事人类型,司法案件当事人类型,当事人单位类型
4285,部门名称,法援部门名称,机构或负责人名称
4291,区域编码,行政区划代码,矿区编码
4292,区域名称,行政区划名称,购方名称
4293,身份证号,公民身份号码,户主证件号码
4297,性别 0:女，1：男,性别,第一监护人与本人关系
4299,身份证,公民身份号码,护照号码
4302,申请类型（事由）,法援申请类型,企业名称或个人姓名
4303,所在区域,行政区划名称,所在城市
4304,户籍,户籍地,户口详址
4309,援助状态,法援状态,保障对象状态
4310,处罚对象,处罚对象名称,处罚对象类型
4312,处罚决定,处罚决定内容,处罚决定日期
4319,处罚对象,处罚对象名称,处罚对象类型
4321,处罚决定,处罚决定内容,处罚决定日期
4331,文号,处罚决定书文号,行政许可决定书文号
4337,身份证号码,公民身份号码,护照号码
4342,法定代表人身份证号,法定代表人公民身份号码,法定代表人姓名
4346,失信“黑名单”信息名称,失信黑名单项目名称,失信信息发布时间
4349,行政处罚时间,处罚日期,立案时间
4351,自然人身份证号,公民身份号码,自然人姓名
4357,临时查封/解除临时查封文号,查解封文号,解除临时查封时间
4359,强制执行时间,行政强制执行时间,判决时间
4360,强制执行文号,司法案件强制执行文号,查封文号
4361,身份证号,公民身份号码,户主证件号码
4365,状态标记,强制执行状态,印章状态
4367,区/县,所在区县,所在市县区
4369,身份证,公民身份号码,护照号码
4373,处罚时间,处罚日期,处罚结束日期
4375,自然人姓名,姓名,自然人姓名
4376,个人身份证号,公民身份号码,个人公积金账号
4378,处理、处分、处罚或决定的主要内容,处罚主要内容,处罚的种类和依据
4386,号牌号码,车牌号码,驾驶证号码
4389,驾驶证号,驾驶证号码,居住证号
4397,所在企业名称,所属企业,企业名称
4405,处罚决定文号,处罚决定书文号,处罚决定下达日期
4407,建设单位,承建单位名称,建设单位组织机构代码
4410,证件号码,身份证件号码,户主证件号码
4415,人员类型,建筑企业人员类别,服务人员类型
4434,不良行为描述,不良行为内容,行为描述
4435,证件号码,身份证件号码,户主证件号码
4451,处罚时间,处罚日期,处罚结束日期
4454,单位名称_姓名,工作单位,单位名称或个人姓名
4456,发布时间,黑名单信息发布时间,发布结束时间
4457,法定代表人身份证号,法定代表人公民身份号码,法定代表人姓名
4459,统一社会信用代码_身份证号,统一社会信用代码或身份证件号码,统一社会信用代码
4467,当事人姓名,案件当事人,当事人姓名
4481,决定书文号,处罚决定书文号,行政许可决定书文号
4493,身份证号码,公民身份号码,护照号码
4496,所属集团公司名称,所属公司组织,是否所属集团公司
4510,第一监护人身份证号,第一监护人公民身份号码,第一监护人姓名
4514,第二监护人身份证号,第二监护人公民身份号码,第二监护人姓名
4516,单位/学校名称,单位名称,所属单位或学校联系电话
4521,身份证号,公民身份号码,户主证件号码
4524,本人联系方式,患者联系电话,是否本人实名认证
4527,户籍地址,户籍地址,户籍地址详址
4528,现住地12位行政区划代码,行政区划代码,居住省代码
4529,现住地区名称,患者现住地区,地址所属省名称
4538,入院日期时间,患者住院入院时间,出院日期
4551,病人身份证号,患者公民身份号码,病人姓名
4557,修正诊断医师姓名,医师姓名,检查医生姓名
4571,入院日期时间,患者住院入院时间,出院日期
4579,记录日期时间,患者出院登记时间,登记时间
4581,报告时间,检查报告时间,调查时间
4585,检查时间,身体检查时间,检查地点
4591,身份证号,公民身份号码,户主证件号码
4603,检验项目名称,检验项目,勘查项目名称
4604,卡号,检验报告卡号,银行卡号
4605,卡类型,检验报告卡类型,注销类型
4607,年龄（岁）,年龄,职业病危害因素接触史（从业时间年）
4611,身份证号,公民身份号码,户主证件号码
4615,分类,体检分类,从业分类代码
4618,身份证号,公民身份号码,户主证件号码
4623,收缩压（左侧）,收缩压左侧,舒张压右侧
4624,舒张压（左侧）,舒张压左侧,舒张压右侧
4625,收缩压（右侧）,收缩压右侧,舒张压右侧
4637,得分,征信得分,体检得分
4639,体检机构,体检机构名称,考试机构
4645,类别,版权登记类别,专业类别
4646,身份证号,公民身份号码,户主证件号码
4650,登记号,结离婚登记号,税务登记号
4654,完成人所在单位名称,所属单位,法定代表人或负责人证件名称
4659,序号,科技成果发明人序号,搜案编号
4663,注册人姓名,姓名,开户人姓名
4665,注册时间,域名注册时间,资格证注册时间
4667,证书签发日期,发证日期,证件签发日期
4671,登记机关名称,登记机关,登记机关代码
4685,IMO编号,船舶呼号,搜案编号
4687,船舶名称,船名,船舶种类
4689,船舶所有人（持证人）,船舶所有人,持证者主体代码
4692,证书状态,船舶国籍证书状态,证书状态_资格证证书状态
4700,抵押方式,不动产抵押方式,抵押方式
4703,证件号码,身份证件号码,户主证件号码
4709,登记类型,林权登记类型,登记类别
4711,审批状态,林权审批状态,备案状态
4712,面积,不动产面积,面积单位
4715,证号类型,身份证件类型,身份证件类型代码
4717,法人,法定代表人姓名,当事法人名称
4721,登记类型,林权登记类型,登记类别
4722,证件号码,身份证件号码,户主证件号码
4725,林证字_号,林证字号,林证字
4728,使用期,林权使用期限,有效到期日期
4731,状态,林权状态,从业状态
4735,村名,所在村,户籍门楼详址
4736,林木所有权,林木所有权人姓名,林木使用权人
4738,性质,林权性质,机构性质
4742,号牌号码,车牌号码,驾驶证号码
4746,证件号码,身份证件号码,户主证件号码
4759,车辆识别号,车辆识别代码,船舶识别号
4762,登记证号,二手车销售登记证号,许可证号
4763,购方代码,购方代码,街路巷代码
4766,销方代码,销售方代码,街路巷代码
4767,销方名称,销售方名称,购方名称
4785,证件号码,身份证件号码,户主证件号码
4786,车辆类别名称,车辆类型,证照类型名称
4793,购货单位（人）,购方名称,企业名称或个人姓名
4807,证件号码,身份证件号码,户主证件号码
4834,账户名称,开户银行账户名称,账户开户银行名称
4835,身份证号,公民身份号码,户主证件号码
4836,注销日期,银行卡注销日期,注销日期_居住证注销日期
4837,存款账号识别号,银行存款账号,银行卡号
4838,当事人类型,司法案件当事人类型,当事人单位类型
4841,状态,不动产状态,从业状态
4845,房屋统一编号,不动产单元号,居住证内部编号
4847,房屋坐落,不动产坐落,租赁房屋坐落
4852,行政区划,行政区划名称,所属行政区划
4858,行政区划,行政区划名称,所属行政区划
4862,船长,船主姓名,船长
4866,持证人IDCARDORCOMPANY,船舶所有人所属单位,持证人姓名
4871,所有权国籍登记申请日期,申请登记日期,所有权国籍登记审批时间
4878,渔业船舶所有权登记证书编号,船舶登记号,船舶检验证登记证号
4880,国籍所有权登记信息唯一标识,船舶国籍证书印刷号,采矿登记唯一标识
4882,证书时间,发证时间,资格证注册时间
4890,持证人名称,船舶所有人,从业资格证书名称
4897,船长,船主姓名,船长
4902,主机功率,船舶主机功率,额定主机功率
4907,有效时间,船舶有效期限,资格证有效截止时间
4915,出生地省市区县,出生地省市县区,籍贯省市区县
4917,籍贯,籍贯,籍贯详址
4919,户籍详址,户籍地址区划内详细地址,户口详址
4920,户籍所属派出所名称,户籍地派出所,所属派出所
4929,居住证发证地公安机关,发证地公安机关,居住证发证地公安机关代码
4935,注销标识,户籍注销标识,许可注销标识
4936,注销日期,注销日期_户籍注销日期,注销日期_居住证注销日期
4937,相片,个人照片,相片路径
4938,服务处所,工作单位,居家养老服务人员数
4944,籍贯,籍贯,籍贯详址
4950,管理归属公安机关名称,所属公安机关,负有直接责任的财务负责人身份证件名称
4959,籍贯,籍贯,籍贯详址
4963,服务处所,工作单位,居家养老服务人员数
4970,出生证明编号,出生医学证明编号,人事档案编号
4974,籍贯,籍贯,籍贯详址
4976,户籍门(楼)详址,户籍门楼详址,原许可证号
4977,户籍所属派出所名称,户籍地派出所,所属派出所
4980,文化程度,学历,死者文化程度
4986,居住证发证地公安机关,发证地公安机关,居住证发证地公安机关代码
4994,相片,个人照片,相片路径
4995,居住证注销日期,注销日期_居住证注销日期,居住证注销日期
4998,租赁备案时间,备案时间,合同备案时间
5000,房屋租赁登记备案号,备案号,不动产抵押登记日期
5009,户类型,户籍类型,贷款类型
5010,户地址,户籍地址,户籍地址村
5013,常用详址1,常住地址,常用电话
5014,常用详址2,常住地址,维修类型及等级
5015,常用详址3,常住地址,维修类型及等级
5019,相片,个人照片,相片路径
5021,公民身份证号,公民身份号码,监护人公民身份号码
5024,何省市县（区）来本址,何省市县区来本址,户籍地址区划内详细地址
5026,户籍地省市县（区）,户籍地省市区县,配偶户籍地省市县代码
5027,户籍地详细地址,户籍地址区划内详细地址,居住地详细地址
5032,前往国家（地区）,户口迁往国家地区,原侨居国家地区
5033,迁往地省市县（区）,迁往地省市县区,何地迁来本市国家地区
5038,父亲证件号码,父亲身份证件号码,母亲身份证件号码
5049,签发日期,签发日期_证明签发日期,签发日期
5063,出生证明编号,出生医学证明编号,人事档案编号
5066,身份证号,公民身份号码,户主证件号码
5100,身份证号,公民身份号码,户主证件号码
5105,户籍地区,户籍地,户口迁往国家地区
5108,有效期,证件有效期,证书有效期
5109,身份证件号,公民身份号码,银行卡号
5111,学校名称,学校,学校名称
5119,人员姓名,姓名,法定代表人或者负责人身份证件号码
5125,专业专业名称,专业,专业名称
5134,岗位资格证书,资格证证书编号,现聘岗位年限
5137,单位类别,所属单位类别,工作类别
5138,身份证号码,公民身份号码,护照号码
5140,教师资格证书号码,资格证证书编号,导游证资格证号
5141,认定机构名称,认定机构,认定机构名称
5144,证件类型名称,身份证件类型,证照类型名称
5145,证件号码,身份证件号码,户主证件号码
5147,性别名称,性别,性别代码
5148,户籍所在地,户籍地,配偶户籍所在地
5150,户籍地省市县名称,户籍地省市区县,配偶户籍地省市县代码
5152,婚姻状况变更原因名称,婚姻状况变更原因,婚姻状况变更原因代码
5157,婚姻状况名称,婚姻状况,婚姻状况代码
5159,婚姻明细状况名称,婚姻明细状况,婚姻明细状况代码
5168,配偶户籍地省市县名称,配偶户籍地省市县,配偶户籍地省市县代码
5172,婚姻登记证结（离）婚备注,婚姻登记类型,结离婚登记类型
5176,证件类型名称,身份证件类型,证照类型名称
5177,证件号码,身份证件号码,户主证件号码
5179,性别名称,性别,性别代码
5181,婚姻状况名称,婚姻状况,婚姻状况代码
5183,婚姻明细状况名称,婚姻明细状况,婚姻明细状况代码
5188,婚姻状况变更原因名称,婚姻状况变更原因,婚姻状况变更原因代码
5198,婚姻登记证结（离）婚备注,婚姻登记类型,结离婚登记类型
5205,文化程度,学历,死者文化程度
5215,本人电话号码,联系电话,居民身份证号码或公司注册号
5220,Rh血型,Rh血型,ABO血型
5236,既往患病种类名称,疾病种类,患病类型
5242,病史陈述者姓名,病史陈述者,患者姓名
5250,患者身份证号,患者公民身份号码,患者姓名
5251,住院费用金额,住院费,医保金额
5257,门诊费用金额,门诊费用,门诊报销金额
5287,证件号码,身份证件号码,户主证件号码
5288,手机号码,联系电话,护照号码
5289,到达后详细地址,当前所在详址,户籍地址区划内详细地址
5290,健康状态(绿码、黄码、红码等),健康码状态,出院或死亡记录标识
5291,当前所在省（自治区、直辖市、特别行政区）,所在省,行政相对人名称
5292,当前所在城市（州、盟等）,所在地市,在华是否有住所
5293,当前所在区（县、县级市等）,所在市县区,证件大类
5294,当前所在街道（乡、镇）,所在乡镇街道,所在村
5298,有效截止日期,有效期截止日期,有效截止日期
5302,证件号码,身份证件号码,户主证件号码
5308,户籍所在地,户籍地,配偶户籍所在地
5315,居民死亡殡葬证编号,殡葬证编号,殡葬死亡日期
5317,家属身份证号,家属身份证件号码,家属姓名
5323,火化证件编号,火化证编号,证件核发日期
5324,火化殡仪馆,所属殡仪馆,殡葬火化日期
5328,证件号码,身份证件号码,户主证件号码
5334,户籍所在地详址,户籍地址区划内详细地址,配偶户籍所在地
5340,死亡原因名称,死亡原因,死亡原因编码
5342,家属身份证号码,家属身份证件号码,户主公民身份号码
5347,死亡报卡类型名称,死亡报卡类型,死亡报卡类型代码
5348,死亡证编号,死亡证明编号,死亡报卡编号
5350,性别名称,性别,性别代码
5351,民族名称,民族,民族代码
5352,国籍名称,国籍,国籍代码
5354,证件类型名称,身份证件类型,证照类型名称
5355,证件号码,身份证件号码,户主证件号码
5358,从业状况名称,从业状况,症状名称
5364,死亡日期时间,死亡时间,死亡日期
5368,户籍地址-省（自治区、直辖市），证件类型为【01 身份证】时必填,户籍地址省,企业名称或个人姓名
5369,户籍地址-省（自治区、直辖市），证件类型为【01 身份证】时必填,户籍地址省,企业名称或个人姓名
5370,户籍地址-市（地区），户籍地址-省为本省市时必填,户籍地址市,户籍地址区划内详细地址
5371,户籍地址-市（地区），户籍地址-省为本省市时必填,户籍地址市,户籍地址区划内详细地址
5372,户籍地址-县（区）户籍地址-省为本省市时必填,户籍地址县区,原户籍地址
5373,户籍地址-县（区）户籍地址-省为本省市时必填,户籍地址县区,原户籍地址
5374,户籍地址-乡（镇、街道办事处）,户籍地址乡镇,户籍地址村
5375,户籍地址-乡（镇、街道办事处）,户籍地址乡镇,户籍地址村
5376,户籍地-居委,户籍地居委会,原户籍地址
5377,户籍地-居委,户籍地居委会,原户籍地址
5378,户籍地址-村（街、路、弄）,户籍地址村,村地址
5380,现居住地-省（自治区、直辖市）,现居地址省,原侨居国家地区
5381,现居住地-省（自治区、直辖市）,现居地址省,原侨居国家地区
5382,现居住地-市（地区）,现居地址市,户籍地址区划内详细地址
5383,现居住地-市（地区）,现居地址市,户籍地址区划内详细地址
5384,现居住地-县（区）,现居地址县区,户籍地址区划内详细地址
5385,现居住地-县（区）,现居地址县区,户籍地址区划内详细地址
5386,现居住地-乡（镇、街道）,现居地址乡镇,所在村
5387,现居住地-乡（镇、街道）,现居地址乡镇,所在村
5388,现居住地-居委,现居地址居委会,原户籍地址
5389,现居住地-居委,现居地址居委会,原户籍地址
5390,现居住地-村（路、街、弄）,现居地址村,在华是否有住所
5391,现居住地-门牌号,现居地址门牌号,原户籍地址
5393,家属身份证号,家属身份证件号码,家属姓名
5396,直接死亡原因名称a,直接死亡原因,直接导致死亡的疾病名称
5400,直接死亡原因名称c,直接死亡原因,直接导致死亡的疾病名称
5402,直接死亡原因名称d,直接死亡原因,直接导致死亡的疾病名称
5404,其他疾病诊断名称1,其他疾病诊断,死亡最高诊断依据类别代码
5405,其他疾病诊断名称2,其他疾病诊断,死亡最高诊断依据类别代码
5406,其他疾病诊断名称3,其他疾病诊断,死亡最高诊断依据类别代码
5408,死亡医院名称，当死亡医院代码为空时必填名称,死亡医院,出院或死亡记录标识
5412,报告者姓名,死亡报告者,报告医生姓名
5416,死亡原因名称,死亡原因,死亡原因编码
5420,公民身份证号,公民身份号码,监护人公民身份号码
5427,开始日期,社保参保开始日期,有效期开始日期
5429,险种类型,险种,报销类型
5431,公民身份证号,公民身份号码,监护人公民身份号码
5432,机构名称,工作单位,公证机构名称
5433,机构统一社会信用代码,工作单位统一社会信用代码,统一社会信用代码
5434,机构所在行政区划,行政区划名称,学校所属行政区划
5438,公民身份证号,公民身份号码,监护人公民身份号码
5441,公民身份证号,公民身份号码,监护人公民身份号码
5443,所在行政区划,行政区划名称,所属行政区划
5444,开始日期,社保参保开始日期,有效期开始日期
5445,结束日期,工作结束日期,报道结束日期
5449,离退休核发时间,证件核发日期,离退休日期
5450,被鉴定人姓名,劳动能力程度被鉴定人姓名,被鉴定人姓名
5452,被鉴定人证件号码,劳动能力被鉴定人身份证件号码,被鉴定人证件号码
5457,鉴定结论,劳动能力鉴定结论,鉴定结论
5458,制发日期,发证日期,发放日期
5465,公民身份证号,公民身份号码,监护人公民身份号码
5467,从事职业名称,职业,职业类别
5478,年份,救助年份,毕业年份
5479,月份,救助月份,统计月份
5480,户籍地址,户籍地址,户籍地址详址
5481,申请类别,救助申请类别,注册类别
5492,调查时间,救助对象调查时间,调查时间
5493,调查结果,救助对象调查结果,调查结果
5496,身份证,公民身份号码,护照号码
5502,文化程度,学历,死者文化程度
5508,行政区划,行政区划名称,所属行政区划
5517,身份证号,公民身份号码,户主证件号码
5520,入伍（参加工作）日期,入伍参加工作日期,入伍或参加工作日期
5536,所属区县名称,所属区县,所属区县代码
5572,公积金实缴总金额,实缴总金额,社保实缴总金额
5600,身份证号,公民身份号码,户主证件号码
5610,身份证号,公民身份号码,户主证件号码
5614,证书编号,证书编号_从业资格证证书编号,从业证书编号
5619,有效期起,有效起始日期,有效期开始日期
5620,有效期止,有效到期日期,延期有效期开始时间
5621,地区编号,行政区划代码,省市名称
5622,身份证号,公民身份号码,户主证件号码
5625,证书编号,证书编号_从业资格证证书编号,从业证书编号
5629,有效期起,有效起始日期,有效期开始日期
5630,有效期止,有效到期日期,延期有效期开始时间
5631,地区编号,行政区划代码,省市名称
5635,公民身份证号,公民身份号码,监护人公民身份号码
5641,公民身份证号,公民身份号码,监护人公民身份号码
5644,状态,状态_不动产状态,从业状态
5646,权利人名称,不动产权利人姓名,权利人名称
5655,权利类型,不动产权利类型,权利人类型
5656,权利其他状况,不动产权利其他状况,权利其他状况
5657,权利人类型,不动产权利人类型,权利人类型
5661,缮证时间,不动产缮证时间,有效期开始时间
5662,房屋坐落,不动产坐落,租赁房屋坐落
5668,状态,状态_不动产状态,从业状态
5679,权利人名称,不动产权利人姓名,权利人名称
5686,公民身份证号,公民身份号码,监护人公民身份号码
5692,证件类型名称,身份证件类型,证照类型名称
5693,证件号码,身份证件号码,户主证件号码
5702,证件类型名称,身份证件类型,证照类型名称
5703,证件号码,身份证件号码,户主证件号码
5705,联系电话1,联系电话,所属单位或学校联系电话
5713,证件类型名称,身份证件类型,证照类型名称
5714,证件号码,身份证件号码,户主证件号码
5735,户籍地址,户籍地址,户籍地址详址
5738,证件类型名称,身份证件类型,证照类型名称
5739,证件号码,身份证件号码,户主证件号码
5746,证件类型名称,身份证件类型,证照类型名称
5747,证件号码,身份证件号码,户主证件号码
5749,电子邮箱地址,电子邮箱,邮箱
5751,微信,微信号,电子邮箱
5752,身份证号,公民身份号码,户主证件号码
5754,证件名称,身份证件类型,许可证名称
5756,照片,个人照片,相片路径
5761,证件编号,身份证件号码,证照编号
5762,身份证号,公民身份号码,户主证件号码
5767,证件签发日期,签发日期_证件签发日期,证件签发日期
5771,身份证,公民身份号码,护照号码
5786,何种奖励,奖励名称,奖励决定内容
5787,区域编码,行政区划代码,矿区编码
5788,区域名称,行政区划名称,购方名称
5790,身份证,公民身份号码,护照号码
5795,处罚事由（违法事实）,处罚事由,处罚违法事实
5801,区域编码,行政区划代码,矿区编码
5804,身份证,公民身份号码,护照号码
5818,区域编码,行政区划代码,矿区编码
5819,身份证号码,公民身份号码,护照号码
5823,户籍详址,户籍地址区划内详细地址,户口详址
5824,户籍省县,户籍地省市区县,配偶户籍地省市县
5826,籍贯,籍贯,籍贯详址
5830,文化程度,学历,死者文化程度
5832,释放时间,刑满释放时间,死亡时间
5837,区域名称,行政区划名称,购方名称
5839,所属社区,所在社区,所属社区
5841,证件类型名称,身份证件类型,证照类型名称
5842,证件号码,身份证件号码,户主证件号码
5852,户类型,户籍类型,贷款类型
5856,证件类型名称,身份证件类型,证照类型名称
5857,证件号码,身份证件号码,户主证件号码
5861,父亲证件号,父亲身份证件号码,父亲公民身份号码
5865,母亲证件号,母亲身份证件号码,母亲公民身份号码
5869,证件类型名称,身份证件类型,证照类型名称
5870,证件号码,身份证件号码,户主证件号码
5874,子女证件类型,子女身份证件类型,配偶证件类型
5875,子女证件号码,子女身份证件号码,配偶证件号码
5880,证件类型名称,身份证件类型,证照类型名称
5881,证件号码,身份证件号码,户主证件号码
